{
  "project_info": {
    "project_number": "390666545583",
    "firebase_url": "https://designcreditproject-default-rtdb.asia-southeast1.firebasedatabase.app",
    "project_id": "designcreditproject",
    "storage_bucket": "designcreditproject.appspot.com"
  },
  "client": [
    {
      "client_info": {
        "mobilesdk_app_id": "1:390666545583:android:e2f97fa93793287591a75a",
        "android_client_info": {
          "package_name": "com.example.designcreditapp"
        }
      },
      "oauth_client": [
        {
          "client_id": "390666545583-26epljcav35q5qomnsi6i33mkdptr0db.apps.googleusercontent.com",
          "client_type": 1,
          "android_info": {
            "package_name": "com.example.designcreditapp",
            "certificate_hash": "79b9a910e2ae94795057b52dc62b00f0bef7a502"
          }
        },
        {
          "client_id": "390666545583-dhgsroqp80gk8tsrrjcvfi4h662ctbsf.apps.googleusercontent.com",
          "client_type": 3
        }
      ],
      "api_key": [
        {
          "current_key": "AIzaSyA7bp-6LU8HHfr_BzdWvN5AMycyj-lFLbo"
        }
      ],
      "services": {
        "appinvite_service": {
          "other_platform_oauth_client": [
            {
              "client_id": "390666545583-dhgsroqp80gk8tsrrjcvfi4h662ctbsf.apps.googleusercontent.com",
              "client_type": 3
            }
          ]
        }
      }
    }
  ],
  "configuration_version": "1"
}